-- phpMyAdmin SQL Dump
-- version 5.2.0
-- https://www.phpmyadmin.net/
--
-- Host: 127.0.0.1
-- Generation Time: Nov 02, 2022 at 09:09 AM
-- Server version: 10.4.24-MariaDB
-- PHP Version: 7.4.29

SET SQL_MODE = "NO_AUTO_VALUE_ON_ZERO";
START TRANSACTION;
SET time_zone = "+00:00";


/*!40101 SET @OLD_CHARACTER_SET_CLIENT=@@CHARACTER_SET_CLIENT */;
/*!40101 SET @OLD_CHARACTER_SET_RESULTS=@@CHARACTER_SET_RESULTS */;
/*!40101 SET @OLD_COLLATION_CONNECTION=@@COLLATION_CONNECTION */;
/*!40101 SET NAMES utf8mb4 */;

--
-- Database: `brief_php`
--

-- --------------------------------------------------------

--
-- Table structure for table `priorities`
--

CREATE TABLE `priorities` (
  `id` int(11) NOT NULL,
  `name` varchar(255) NOT NULL
) ENGINE=InnoDB DEFAULT CHARSET=utf8mb4;

--
-- Dumping data for table `priorities`
--

INSERT INTO `priorities` (`id`, `name`) VALUES
(1, 'critical'),
(2, 'high'),
(3, 'medium'),
(4, 'low');

-- --------------------------------------------------------

--
-- Table structure for table `statuses`
--

CREATE TABLE `statuses` (
  `id` int(22) NOT NULL,
  `name` varchar(222) NOT NULL
) ENGINE=InnoDB DEFAULT CHARSET=utf8mb4;

--
-- Dumping data for table `statuses`
--

INSERT INTO `statuses` (`id`, `name`) VALUES
(1, 'to do '),
(2, 'doing'),
(3, 'done');

-- --------------------------------------------------------

--
-- Table structure for table `tasks`
--

CREATE TABLE `tasks` (
  `id` int(11) NOT NULL,
  `title` varchar(255) NOT NULL,
  `task_datetime` datetime DEFAULT NULL,
  `description` text DEFAULT NULL,
  `type_id` int(11) NOT NULL,
  `priority_id` int(11) NOT NULL,
  `status_id` int(11) NOT NULL
) ENGINE=InnoDB DEFAULT CHARSET=utf8mb4;

--
-- Dumping data for table `tasks`
--

INSERT INTO `tasks` (`id`, `title`, `task_datetime`, `description`, `type_id`, `priority_id`, `status_id`) VALUES
(44, '', '2022-11-17 21:50:00', 'ghklm', 2, 3, 3),
(45, '', '2022-11-09 22:29:00', 'bhjkl', 1, 1, 2),
(46, '', '2022-11-23 22:30:00', 'kjhiu', 1, 3, 1),
(47, '', '2022-11-08 22:31:00', 'fdghjkljgfd', 1, 4, 2),
(48, '', '2022-11-24 22:31:00', 'bnklkjh', 1, 4, 1);

-- --------------------------------------------------------

--
-- Table structure for table `types`
--

CREATE TABLE `types` (
  `id` int(222) NOT NULL,
  `name` varchar(222) NOT NULL
) ENGINE=InnoDB DEFAULT CHARSET=utf8mb4;

--
-- Dumping data for table `types`
--

INSERT INTO `types` (`id`, `name`) VALUES
(1, 'bug'),
(2, 'feature');

--
-- Indexes for dumped tables
--

--
-- Indexes for table `priorities`
--
ALTER TABLE `priorities`
  ADD PRIMARY KEY (`id`);

--
-- Indexes for table `statuses`
--
ALTER TABLE `statuses`
  ADD PRIMARY KEY (`id`);

--
-- Indexes for table `tasks`
--
ALTER TABLE `tasks`
  ADD PRIMARY KEY (`id`),
  ADD KEY `type_id` (`type_id`),
  ADD KEY `priority_id` (`priority_id`),
  ADD KEY `status_id` (`status_id`);

--
-- Indexes for table `types`
--
ALTER TABLE `types`
  ADD PRIMARY KEY (`id`);

--
-- AUTO_INCREMENT for dumped tables
--

--
-- AUTO_INCREMENT for table `priorities`
--
ALTER TABLE `priorities`
  MODIFY `id` int(11) NOT NULL AUTO_INCREMENT, AUTO_INCREMENT=5;

--
-- AUTO_INCREMENT for table `statuses`
--
ALTER TABLE `statuses`
  MODIFY `id` int(22) NOT NULL AUTO_INCREMENT, AUTO_INCREMENT=4;

--
-- AUTO_INCREMENT for table `tasks`
--
ALTER TABLE `tasks`
  MODIFY `id` int(11) NOT NULL AUTO_INCREMENT, AUTO_INCREMENT=49;

--
-- AUTO_INCREMENT for table `types`
--
ALTER TABLE `types`
  MODIFY `id` int(222) NOT NULL AUTO_INCREMENT, AUTO_INCREMENT=3;

--
-- Constraints for dumped tables
--

--
-- Constraints for table `tasks`
--
ALTER TABLE `tasks`
  ADD CONSTRAINT `tasks_ibfk_1` FOREIGN KEY (`type_id`) REFERENCES `types` (`id`),
  ADD CONSTRAINT `tasks_ibfk_2` FOREIGN KEY (`priority_id`) REFERENCES `priorities` (`id`),
  ADD CONSTRAINT `tasks_ibfk_3` FOREIGN KEY (`status_id`) REFERENCES `statuses` (`id`);
COMMIT;

/*!40101 SET CHARACTER_SET_CLIENT=@OLD_CHARACTER_SET_CLIENT */;
/*!40101 SET CHARACTER_SET_RESULTS=@OLD_CHARACTER_SET_RESULTS */;
/*!40101 SET COLLATION_CONNECTION=@OLD_COLLATION_CONNECTION */;
